Name,Average,Grade
Alex,73.33333333333333,C
   Ann,73.33333333333333,C
   Emma,81.66666666666667,B
